Id,Last
1,66359309913251
2,725161963867
4,158
5,406
6,12
9,1461
10,1
12,0
14,10576607847561078339796992
17,2795903786354347606016
19,9418
22,32855719753
25,156
27,-6777866008029815635968
29,1155
30,2
31,131
32,-4420
33,1
37,0
38,154964620775629888241128011368235008
39,1234567
42,304058667
43,9113030337194776068096
45,0
47,161505
48,16782
50,6523585318
54,72
55,139
56,377599345119560794112
58,154
60,766582546402667648
62,2
68,1
70,0
71,8
74,23018
78,5873945233705
79,159
80,63359160443
81,610975075883240128512
83,5
84,87960930222080
85,419
87,16893568584074416
88,0
90,96147057896403
93,1
96,138
97,0
98,3
99,1
101,0
103,13892162580
106,3
114,335
115,37022
116,24
117,2
120,789
121,1
122,105
124,267786673
125,1
127,14
128,673
129,0
131,4587
138,20
140,12923
142,275
143,1152921504606846976
144,5914551
145,299309479778956
146,541946240
148,10981857825124725555200
151,70889500857407526950751689313878016
153,736
154,1
156,-8306718039292070795935744
157,301
161,1
169,2288
170,1
172,215
173,188
175,11888688646338116
180,1
182,495
183,136
184,870253662109375
187,467
189,838829650246380552192
191,2139
193,655
194,621
195,0
196,226257606
197,131
199,109
200,15148651417782595820191744
201,1498206884732
206,1444444444441
207,1
209,9375
214,5469191608792975360
216,255
218,-1854063629803901241262080
228,234
230,461
231,8233430727598
232,4
233,2
234,15835522783
235,693
236,0
239,5662052980
240,1502
243,735665066900
247,68207
248,1
250,132427
252,30633757767144
253,15
257,80981882536292
260,0
261,2757
265,1
267,121645100408832000
269,21
270,39
273,1366284435462423040
274,5
279,60
281,23
283,466063500543300352
285,92470734734
287,90486
291,551343268152723114392721293312
292,1
301,1
307,7770488166051562389504
309,5438674473932192731126300672
312,3720
314,196781955006433256446144516912609780627233889398554624
316,98389
321,464092875294121262149100621159989248
322,6
324,2147483676
325,320
330,5
331,5801
333,4
337,40548366802944000
338,647
341,47804026
342,102368834
343,3851913766022950318514498906882048
344,9
345,25836869372608512
346,4093531079147
348,16
349,78502725751
351,43
353,13241536274
355,87260245701154896
356,880
357,0
358,26728034
360,3
362,135085171767299216
363,447362835296127408840483612175368192
364,3
365,149057
367,39499
368,1
369,3
370,1
371,349276052222114529280
375,102
376,49
380,144
381,181
382,421
383,769
384,219
385,12
388,2609
389,7438887113266980
390,1
391,1534674653372294822066543680139133190144
393,1
396,1048
397,55
398,54
399,0
401,2600
402,487810345489419
404,1
405,166680102383370240
407,2
409,17
411,1048198981050148
412,60
413,28560
414,1
416,106929
417,5
418,324259173170675648
419,149028
422,0
423,1
424,51861365550
427,11146
432,69805770200315
433,139
435,1
440,4603
442,1
445,229
446,132
449,338
450,1180610
452,1210107565283851685068800
453,28644458404800643072
454,572204589843750
456,266863001310356
457,-2908723489
459,7
460,133333287
462,309485009821345068724781056
465,82
468,1510236415306298880
471,1941624275200
472,33227552537453172
473,11063531
474,210
476,873
478,537588
480,2
481,4294967416
482,95
484,0
485,210
487,16
488,35239684716030679140270080
489,624
491,1
493,1
495,110531285543842368
496,129
497,0
498,124192270
500,138
501,1204
504,1
507,2151469377
508,115
509,3
512,1
513,2767
514,493
522,77572756670578160
523,621
524,697
527,2677
528,15247
529,2
530,7133376499493764
531,4
532,1
536,2
537,2
538,73
539,2
542,293
543,1069443
544,1
545,55389437123184680
547,79
548,47681972428112
550,206981
551,8
552,11577739208
553,109851909
560,20002
561,1
562,1417
563,40174126779
564,395636332447752192
565,17101813661923
567,19777881063133926129664
570,2243
573,1
574,602400691612422025230753037887021480207712256
575,1070097
576,10
577,6
580,1
583,86
586,446311604380789425307648
587,0
591,978675
593,977
594,3548069499
596,1
599,29
600,64
603,13732910155
605,23
607,2207
613,109
616,146370
617,51129524160014839091679593477706991319150285123035060184876024234036674475376326475776
625,56404400157567217565696
626,26
629,0
633,19465109
635,19442349988398204
636,351
639,160526
640,286380
642,5722569627753465324284223656779202482815291771834073088
647,237
648,54750669538493456
649,3512479453921
650,4294967299
652,84270997
654,34473870245560802344960
656,1
663,6766951219381438075811355538367709184
665,148
666,138
668,24931202561823496732672
670,47641
672,7
673,1297722253497544924454715392
675,1260
676,2239
677,40040
679,4861
680,125003427
681,1
684,11151658949655222288384
685,28304640
687,1003928499626
688,12681938368
690,18319766917914650624
691,0
695,383
699,1
701,1
702,27
703,385507
708,15128761344
709,0
710,0
711,663531277373859
712,16991329795972962661701971102620478078976
715,185754452841192084209664
716,125
717,520
719,142
720,20472344560800
723,1
724,1861
725,144
726,2449
727,43406301788286353517051904
728,56832997
736,31903442
739,14207
740,1
741,4
742,2363320544672336576512
743,0
745,1
748,215
749,509
751,201
752,1
753,772
754,588112814640699648
755,2238468542
757,-3
758,5
760,9217
761,1
762,1753
763,2001002
765,2940
767,3
768,34440553562
769,2
772,389375
773,14519
774,1
778,1
779,11
781,1
782,294
783,6999963827434378
787,5744387279818
788,5202
791,2222
795,30
798,1
799,1
800,1507
802,1383410902447554
806,16
808,82623662392481280
811,2012012012012011
812,92416515221
814,307
815,610339
818,13
819,2214313319
821,2271
822,16235
825,179199
835,1
836,4
837,2
838,214
839,1
840,4
841,907
844,0
845,729464836964806688768
846,-9380
849,5683
851,391603512195940234559488
852,59000000000000008
855,10514182345513238528
856,61834
860,1
861,0
864,114499
866,9770128253650761728
867,0
868,181
869,0
871,4812260962479035645952
872,1
877,1977985201462558830100480
878,10
879,16349
880,997
882,0
885,96
887,22844996645751312
890,43002
892,85843948321
896,0
897,71
898,4
900,-1
901,5
902,1
903,142
904,217200
906,1807
907,-16120
908,0
913,7540541
914,2153
915,6310
916,14364
918,66
919,166680102383370240
921,173184268942327232
922,750449
925,9973
927,1
928,4499311042365955244032
929,11491
936,197
940,10187707927
941,177498449607451992724603697750884784552891507447090910361663916101074944
942,6
943,1
944,1906400965570
946,162983520
947,52161461882
950,371454275512532480
952,43298614
953,166771816996665568
955,4160749539
957,1
960,0
961,12
964,1
967,402
969,-12
974,633
985,14074138851456769167720448
986,180
988,1
991,1
993,0
994,1064
998,283903844662926114816
1000,-255
1001,242
1002,960
1004,10
1005,232102241507321376
1006,2375
1009,1
1010,-1
1011,1429
1013,11
1014,11
1017,383
1018,187
1019,63245985
1020,135484257112006819840
1021,11330548232319664128
1024,1
1026,136
1027,2411675443849
1029,86150194400183509896258421522432000
1030,41290247020
1031,3
1033,26
1034,247609900000
1035,24727261243092472
1039,0
1040,12440630635406244
1041,925103102315013603328
1044,5919984
1045,238
1046,760722183234128516743168
1047,21212
1048,477995710651482168047511273472
1049,1
1051,246425309
1057,159
1059,0
1060,0
1063,114
1067,5
1081,4
1084,2
1085,56
1087,1387848700381794022719488
1088,433890369
1089,260408317270
1090,166680102383370240
1092,50928
1093,512
1094,-153040491210937504
1095,-179
1096,17222572535
1097,478
1099,265787809
1104,7658725
1106,366439
1108,885737
1111,289
1112,1
1118,334037
1119,769
1121,2189
1122,1
1123,1
1130,2538692846350176662470279704838632636416
1132,1808
1133,52333
1134,1
1135,1
1137,0
1140,3
1142,72020
1143,0
1145,1
1148,-5
1153,132063784535221862400000
1156,613
1158,7
1161,2075218782238868
1165,1
1167,8388569
1170,19948067446099104
1174,1
1175,120
1177,27314067026782976
1178,26
1180,4656
1184,24506597
1188,98390
1190,59359
1191,0
1193,1974031
1194,1
1196,308913308209090
1198,5051
1200,5552
1201,48952670052396867584
1202,61
1204,54
1205,375
1206,16038176530380476
1209,6476053728774389235712
1213,3
1216,127709
1221,210338403560373387264
1225,4053314434522328064
1227,84889278690515
1228,5838535388555338405904384
1230,5841485
1233,46
1237,777666657567776610968575891315607493148672
1239,18
1240,503
1242,316322420114534400
1243,128143
1245,920639
1246,194
1247,36794598381
1248,0
1249,8526
1254,6
1255,211
1256,41802174277488973185024
1261,1
1264,188296417
1266,-136491422
1267,5
1268,341010096552
1269,6804
1271,9
1273,0
1277,1
1281,14884
1284,5
1285,20
1286,17
1287,7587287095869
1293,0
1296,2
1297,1
1298,92422276780875111727104
1299,701
1304,31548269150673125376
1305,56415976360602033455104
1306,15689
1308,308
1311,28497092031222202236928
1312,1
1313,8388335775167120075128832
1314,2
1318,1637
1324,1
1326,102828
1330,522
1336,1547007980122434
1338,1
1341,1301704097801
1342,2
1344,-978316704435292894744610874739053984897153630208
1345,8113505
1346,22
1347,172
1348,2
1350,10
1351,5586558915888287842304
1353,19357125741005725696
1356,4
1357,27879239580126377211401276516269555712
1358,1
1363,167636144501378066153472
1371,14603
1376,114108912
1378,5
1379,64176496980568383488
1382,1
1384,113
1386,486
1387,1812007
1389,-2049095504528923821080576
1391,1536598936416630679955298058240
1392,1694577218886
1393,1
1396,1489
1399,3209
1400,1
1403,1
1404,5
1406,164
1407,576440295110730973184
1408,0
1409,276
1412,1549
1413,14771
1415,12836760875867092992
1416,-13576460102465
1417,16754410594433544
1418,35749202
1421,5
1422,5927
1425,531693752140
1426,1
1427,329
1431,59
1433,5
1435,1
1437,749956
1438,227
1440,129231185861933072
1442,7
1444,68
1447,108347
1448,1
1449,4
1451,36
1454,70724
1456,2373
1457,87118795125708288
1459,2264257474181354225664
1460,-10
1461,653192251196
1463,1232130
1467,21912208461633945600
1469,8170526080028
1476,1
1477,1211
1478,14010807677768874
1479,1879048192
1486,134
1487,2
1489,14708332687
1490,2508757194024499019776
1491,9
1497,6
1498,1
1499,21703740051934478336
1502,1
1503,1471
1509,9
1510,108
1511,381021443277747191808
1513,66
1515,11081
1523,911132944201
1524,1618597
1526,10
1527,1087
1528,0
1529,1
1531,3369633
1532,7241328591814507102208
1537,1
1539,2217
1540,2382598282012764160
1541,-31057776
1543,247
1544,2532676
1546,134412790412
1547,4444945756416
1550,27591408765
1551,125
1555,23120
1559,183765996899
1561,0
1563,5462
1564,9033
1565,0
1566,1
1567,171697
1572,677
1574,1
1576,382
1577,37544699
1581,116428244900962206319835007156224
1584,1113
1586,0
1587,-154936813617
1590,8174314
1594,23
1596,0
1598,10966713178192202
1599,151
1610,10111
1614,13060694016
1615,91589927618600170403226193595786592256
1616,161027573368536478928338944
1618,214997010799412
1619,27943
1621,8731
1622,202585437
1624,1548008754265
1627,327
1628,77402
1631,19
1632,2396930376564860
1633,6
1637,123
1638,1862259784246483176390656
1643,1
1645,496
1646,187617350297573459766873249808384
1647,1
1648,5
1650,216
1652,215306
1653,603
1654,1
1655,386
1657,478125745422020074323823321677824
1661,135
1662,1729
1663,101021010221111235633193806613972676875859010179517497420641958914686976
1668,0
1670,72
1672,4064231406647572988690432
1674,14407
1675,4
1677,146
1678,9
1680,98805767234884864
1681,49402080000
1684,8085
1685,1
1686,3573
1687,20
1688,1
1692,190
1696,360
1697,1023455555666666717184
1698,3
1699,278
1700,1
1701,8690
1702,0
1705,1
1707,140
1708,82
1709,1
1710,1092332
1713,6399849835873030092357632
1714,1640
1716,7
1717,1
1720,4
1721,79008870
1722,1
1723,755
1727,2732147057501646694161358250507263011057775660308103168
1729,1739
1730,1
1731,240058053822414506801758208
1734,111010110111100111924756480
1737,22627
1740,702891
1741,0
1742,5419
1743,675713
1744,111373379
1747,1549
1749,99424707
1751,1
1753,34323
1755,1
1756,138
1757,24922153
1758,88574
1759,113471544284531343360
1761,1359
1762,4
1765,91723466252807773838539095015424
1769,1703174
1770,4674964
1776,0
1777,117849324069921805450203183946112434176
1779,1806
1781,437825148963391483284295662909408790272586809344
1783,506
1784,233762151
1787,4624
1790,65
1791,82
1792,32297
1795,1
1796,1
1798,1175
1799,1
1800,81052
1804,4
1805,90
1806,1433
1808,1
1810,135135
1812,0
1815,12128
1818,5
1820,0
1821,225
1822,458
1824,131
1827,216
1828,2489743322080012140544
1829,4384128
1832,6
1833,9894704
1835,1
1839,10310691
1841,18944339609269568
1842,1
1844,92
1849,1117173669767
1850,1478577785507810816
1854,166649
1855,521952239
1856,1
1858,99999999999998000
1859,39937
1861,128
1862,6
1866,225280963779166348887135753338880
1867,2
1868,5778
1873,108
1874,3330234867792
1875,1
1876,16035812864940
1877,1081
1880,1295113
1882,953417
1883,8
1884,1
1886,2505
1887,2
1888,774193378609078272
1891,4
1895,176991240190
1897,1
1901,3
1903,40805797508450
1904,3
1905,940914453958617600
1906,473586
1909,30931
1913,85057987503792663911402078994432
1918,1012
1920,44310852884
1921,132239
1923,617239958280560764559588065280
1925,0
1928,144
1933,38011151426301640
1934,8676279
1942,64728375139872
1945,9584861050421
1947,0
1951,5
1953,0
1955,550
1956,1
1958,87
1959,0
1963,178579807
1965,819
1971,8008962525846
1974,131072
1975,615691547
1979,1
1982,835
1984,5750463
1985,5441
1986,20072230656725278720
1987,709
1990,6889
1992,72350925134
1995,303486543127
1996,263086943851348000
1998,6049367893509827198976
2001,41459225741230080
2002,11716746352661448704
2003,131
2004,64
2005,192859655246
2007,249883
2009,1160307802288187879981056
2010,1
2015,85539144852020
2016,6581993120973663593200939440719105878462173377088712792392859648
2018,0
2019,1494544
2026,10
2027,2147483774
2029,551042196782556708864
2031,721
2033,8132796906906251689984
2034,10
2038,125
2039,0
2041,143734030512459890688
2042,1
2045,5935
2049,88
2050,1
2051,3
2052,1
2053,586649945651116
2054,1
2056,0
2058,0
2061,1
2062,525
2064,9
2068,1033
2069,1214986927902
2071,172
2073,470257300634
2075,123972751506684588840127037440
2079,1
2082,2633
2084,1
2085,-1642074778175370
2087,1925877696823296000000
2088,0
2090,37394146
2091,1
2092,10
2094,12
2098,1
2099,625
2100,45
2101,41047
2104,77
2106,167919620604132412441029940624620368429056
2107,65
2109,108372083629275
2110,1
2112,19
2114,8
2115,3
2118,1
2119,19881
2120,26345
2122,1
2125,2497
2126,138
2128,107773290713088000
2129,9572648
2130,138877606472351664
2134,56294995342133
2135,536875753
2140,2
2141,1574
2142,17978094918
2145,235682549037000858533888
2147,395444141299200
2151,3
2152,6751295099589749921526986918963707904
2154,16772908
2156,129011474730197032828531254811951104
2158,2441
2159,37647520931727898836992
2166,1
2167,950
2170,56
2172,7231611525811128
2173,231260011308791232538345472
2175,1
2181,113471544284531343360
2183,15336512293761130077471529764074291200
2185,14592546256715776
2186,8
2187,1297
2188,4993923
2189,42
2190,258802713817
2193,1
2194,735
2195,14063084452070775848960
2196,11839
2197,0
2200,1
2202,403
2205,2
2206,35608290553
2209,148
2210,75873259406
2212,4
2213,1
2216,1728
2218,2044702
2219,304039
2222,35937
2223,140637939255210
2226,727
2232,212
2236,266074849313
2238,1
2240,104857597567097994016194560
2243,3917
2245,703
2247,510031
2248,5632
2249,100
2253,211
2254,4718
2258,18256
2261,8
2262,2433
2263,1097
2264,290
2267,1906624
2273,97505
2274,56153
2275,1
2279,18121411400219012
2281,0
2282,11
2284,5
2285,549689343118061
2286,1
2287,1
2288,3448055881024876314624
2289,2
2291,204197
2294,183
2297,4019679
2299,61
2301,1
2302,4
2304,88481173388026059746705408
2307,36700662825931024
2308,1
2314,1
2315,68417
2317,70
2320,22846522525694476
2322,74333434976
2326,2
2327,1
2330,2743
2335,402
2338,86
2339,846984609
2342,380
2343,314475
2344,68751882
2346,14029
2347,1
2350,1
2351,2
2352,19012294067700002816
2353,3
2355,30561122
2359,1077
2363,679
2364,806
2365,9746480252952
2367,2
2371,243671
2372,97930011125976332763136
2373,125
2374,1699
2376,518
2377,1
2381,1
2382,3771
2383,1
2384,4387
2386,1
2389,246567192007241
2390,175
2391,726
2393,7253
2394,274625000
2400,7416983
2401,1
2402,15
2404,282492057
2405,1222221
2409,11195742340
2410,75
2415,711719711727711684657152
2416,1
2417,377917892352000
2422,4
2426,118029501
2427,56
2428,46
2429,1
2430,143
2431,59169409296982805892920137824759359765015953408
2432,372
2433,1693594250
2434,52
2436,1
2439,54413821892871260733440
2445,102334151
2448,84
2453,148409703907
2454,37575804568154352
2456,37
2458,5
2462,76
2465,3938
2466,-799
2468,1485
2469,602758415976923904
2470,9
2471,17572471614384
2472,35
2473,1
2475,25469536542093520
2476,0
2477,304
2478,30
2480,84866135426820177920
2481,1401935442782
2482,20592338726584151204429824
2483,112
2484,3
2486,395636332447752192
2487,6889492
2489,4
2491,5
2492,37588592026706176
2493,690
2496,26752
2499,818
2500,166536977408
2501,33
2502,7006302246093749248
2503,2041
2508,1413
2509,3
2511,1110000
2512,4
2513,4
2515,192
2516,1
2519,769
2522,2965825
2523,4940
2524,245008426486551773184
2526,1347137238494286664005837024532027205791311496042290632064012340857389107447332864
2529,3858055874062762320022470656
2531,1857945600
2532,5
2537,1
2538,6
2539,3446451386
2541,16322989
2543,1
2544,6
2545,1
2546,1
2548,205118220637830113041674413088547169005794900624497295016813389676544
2549,112
2550,1268274072276992
2554,7784628225
2558,196
2559,2
2560,2951
2561,8911
2563,206064
2564,0
2566,22797790370746284
2568,157463
2572,0
2573,76
2574,6
2575,117
2580,7759
2581,1500
2585,3828
2590,3682
2592,45430672644283920
2593,8755418386540376621056
2595,1987497491971605
2596,1
2598,276
2599,0
2602,1008001
2605,5179
2608,2414
2609,61138276105423806464
2611,11330437552124766208
2612,8467200
2613,366866809
2617,20203489717239782503272929034240
2619,7700510
2620,120
2621,1701
2622,1385073464128573
2623,1326886884
2625,1
2626,202317609655754779787264
2628,2620797529
2630,20000000000000000000000
2631,37658603350
2632,1210756529837794918400
2634,176273363579960987960482610544640
2636,570
2641,14354510691610714112
2642,1
2643,1
2644,158235
2645,1168971346319460093919232
2646,999999916
2647,1059359506545823763913337136337649664
2649,46951444927823
2650,5
2652,14440
2653,225275798
2654,1056388250136945520551745552384
2657,1
2658,1
2663,3206364
2664,3318
2665,49954191
2666,1
2670,16451
2671,1
2672,7
2673,4244200091030763117044909607633948409191202816
2676,1
2678,4
2679,182
2680,8662089991175424442368
2681,2
2684,0
2686,276
2687,367
2689,58158282162055320
2691,41812101587
2694,154360726917116704
2697,33
2698,4
2699,12543590317094399377408
2700,443
2704,309
2707,649140
2708,463593800381
2709,147
2711,105
2714,3
2715,1
2716,123
2721,111111
2722,1
2724,95271124676
2725,582498755
2727,32
2730,104255099738019659251712
2731,39918757589
2732,40175
2734,55385589
2736,168343648648695296
2738,4434080431079420
2740,398
2742,-2
2743,77
2745,552932810431
2746,63426558436432192
2747,13
2750,1
2751,1923638785344456
2753,170
2755,277942945528
2756,14988502685135
2757,1804868382278013440
2759,99992456
2760,251
2762,186927241320202720
2763,69601193
2764,283171508977
2766,21
2769,2454110815950536704000
2770,1
2773,4
2776,1
2777,261
2778,48
2779,176
2781,2241
2784,3704184
2786,5
2790,77759
2791,10108840
2793,489
2794,1
2795,9
2796,98522872387036675380871168
2799,10
2801,1122
2802,1
2803,0
2804,115974983600
2805,126314830357375271980727134693313478656
2806,10
2808,121296
2811,219
2812,11
2815,71327
2817,1
2818,1373
2819,417
2821,1
2825,280381494540182
2827,28180392406163580
2828,1
2829,-101
2834,7079
2835,2
2838,4
2839,1011664530775
2840,4116715363822
2842,5067958740068059840512
2846,2148034269252052480
2847,283726776524341280
2849,14
2854,560
2859,71
2860,69
2861,57578994
2862,225
2864,2248
2865,1
2869,1
2873,110277389360103424
2874,301514033677482
2878,16
2880,501523878171053440
2881,1
2882,23181398334398529536000
2883,4
2884,261
2885,6
2887,87960930222080
2889,2
2890,0
2891,149227974821384000
2894,85206055577740186281312256
2897,481
2898,2238095
2899,403
2900,442175629583318
2901,7
2905,1857241
2910,38967500492977752506368
2912,343
2913,1
2915,10712
2916,716602502197270656
2917,295970
2920,8687
2922,10181
2924,10
2925,878503
2926,27631845901
2927,-9
2929,8703
2932,984770884591425159168
2935,849431811638311168
2941,9228486313963885158379335518349326024704
2943,1
2945,11321
2946,108
2947,244
2948,97256
2949,139
2953,1655472738874947840
2954,693130656434
2957,557
2958,1
2960,1
2961,25380333
2968,27
2971,1
2975,13
2976,0
2977,1
2978,4
2979,0
2982,40304436
2984,87960930222081
2985,65
2987,11131111111
2988,1
2990,1
2993,557093
2997,0
2999,10634666415
3001,1
3002,2899
3006,32
3007,1131920
3009,45
3012,7330158006601231735790942977785856
3013,1
3015,60
3017,8
3019,88699552381440000
3020,1
3026,466
3030,2
3035,1
3036,22
3038,15586
3039,350
3041,1150113
3044,149934463555725524992
3045,726
3046,1076796294013277099758356267008
3050,194
3051,400001
3052,5914
3056,24
3058,3533382651695000
3059,631
3063,111007294096168073934776310739042199142400
3065,1274413096031914
3066,1899
3067,7
3070,43837986172512584
3071,0
3076,0
3077,97528684
3081,1129
3082,1
3085,3
3086,8
3087,0
3088,18
3091,174
3096,-92925
3097,30405943383200
3098,5408917920
3099,3623627971
3101,43353562677488608
3103,1
3104,3132674011733826732032
3109,9
3110,339945532169833441209769525248
3111,4144654003816138014720
3113,176
3115,4
3117,96162017163620320333449207128536975589507072000
3118,759386612309146
3119,120
3120,0
3121,209317
3122,413547568772149440
3130,1
3131,659973251187594231808
3132,5
3133,146827124366034
3136,4
3139,586
3140,565
3144,96
3149,17971
3150,27
3153,5365
3154,2
3155,3431847189
3156,428
3157,2510
3159,2187020050
3163,2
3166,10
3167,26114323
3169,53576182138937425920
3171,33154114877520
3174,606800
3179,2
3180,2982752019194624
3181,10449715795107936934559744
3183,151381995733542
3184,1944810000
3187,131544
3188,840
3189,15001344428371
3193,941094
3197,5
3198,1229
3199,295080697103288827904
3200,23573550
3201,64313
3202,2
3206,1
3208,-238705671
3209,1
3212,0
3213,38743019104003907584
3214,4
3215,2022
3220,355393490465494859776
3222,131
3223,0
3224,28304394023345412105136242688
3226,76487
3228,337970519351250112
3229,14149
3231,772499089
3233,1270932914166
3234,0
3236,816979824869376
3237,92
3238,1680
3239,216747219
3241,61
3242,38
3245,14477789385971
3246,55
3247,167697531024902640793087377408
3249,387038978271084544
3250,1628413596020881
3251,0
3252,493827160
3254,3125193639
3257,1
3258,324
3261,17154
3264,1180
3265,150
3272,16
3274,1
3276,2318
3280,44
3290,3
3293,1
3296,26
3297,1
3298,0
3299,2243645856500003237705005502690230272
3302,917651394
3303,151056371629601792
3304,2610298728645
3305,42
3306,749700
3307,1688
3308,2724694661680642654208
3309,5
3311,6344433646663343538176
3313,2305843009213693952
3314,9890278784047792118562816
3316,11
3319,115141312111098773504
3323,58833957894412545856636530874609836228608
3324,24
3325,343262166720
3326,1
3328,22961
3330,42471034518612450939502592
3334,20496
3335,111
3336,723573111879673
3342,256
3343,299
3344,604
3346,16
3347,3
3351,9754836
3353,847
3354,36097
3357,124
3359,22137392
3366,1
3369,0
3372,164634913
3376,76436817165459
3377,20747
3378,1
3381,3298545589
3383,1
3384,717702
3385,536854528
3387,1920
3388,0
3389,1
3391,409
3393,84
3394,-1
3395,599087815175683615023843816226895223626517056869291523330502335246893056
3396,692
3400,4354759835262268
3403,102057218155974819840
3405,1
3407,571
3408,161
3409,75787776947048400
3411,437
3416,1
3419,1487
3420,666666666
3421,2
3424,4
3426,166417820194039920590848
3429,187
3431,300
3432,44
3433,393
3434,5
3436,158111
3439,82
3442,17984495151670680
3445,15322117939717489766581665792
3446,531440
3447,6
3449,1
3452,2032368096229682315264
3460,1
3463,2258191
3464,1475103511
3466,31847772
3467,945
3472,0
3474,20164
3475,0
3476,4288
3477,21378736239048788
3478,34173066616707049031828691222528
3480,12226893148
3481,7
3482,106260279044
3485,5149845
3486,1
3487,1583926386391039868928
3488,4
3489,200412275
3491,4
3492,1
3494,534
3497,-29918535585967030764855642202178368644926434774533607123817918431441141094494596445817666878649750085842477240682910664080645685248
3498,19
3505,432
3507,1
3508,0
3509,3758096384
3513,3370
3514,2
3517,68393665694364348462877638656
3518,2770
3519,1683408
3521,65
3524,78614837323045140312527425252311957504
3525,5
3526,3
3527,25
3528,4861946401451
3529,1
3531,4
3535,1
3536,3
3538,6531893843049
3540,10631
3543,7
3545,269840171418387328
3546,2636011840
3549,2768
3550,8224670334323560284160
3551,284416
3553,332667331
3557,457
3558,80313433200
3561,20781765292
3562,17495
3564,887
3568,3301641
3570,18
3571,1
3577,18432
3584,28195636842752844496896
3588,3
3591,1
3592,1
3593,2961123
3595,2749702479
3596,4921666264176
3600,1
3601,62
3602,184
3603,1848
3605,469897798656
3606,4983454435498876161610498441216
3608,101439025287805552
3609,611
3610,10060515095761
3611,1
3614,109999999999998896
3615,169
3617,445
3618,242517996814848
3619,328256967394537046016
3621,78
3622,2040
3623,6
3624,618796325977042
3626,5611
3627,34462568
3630,45949725568604864
3631,16
3633,4
3636,82
3637,3401397735742641
3639,375
3641,467
3642,52326
3644,27
3646,2055664161561918
3651,-1
3654,5
3656,10779553536580
3658,886704475554288384
3659,1722
3663,128
3664,4127991383
3665,57
3666,357500093556
3667,3320
3668,5
3670,76069501249
3671,1269
3674,0
3675,137
3677,7
3679,4458544510728372
3680,44
3681,1
3682,1549
3683,167512
3686,664828879659318272
3688,10
3689,7890369761872
3690,-34874008165786608
3693,967788
3694,0
3695,3
3697,319
3698,21598422878151130184862990505355789603962880
3699,0
3701,1
3703,375299968947548
3704,182717549872
3705,144
3707,158
3708,1
3709,2389
3711,478
3712,1
3715,137
3716,111212111213111216
3718,0
3719,475219625
3721,2
3722,12
3727,1
3729,2547649010961476485120
3734,31068250396355572
3735,1525578320627987120128
3736,295164582378232348672
3739,5
3742,11
3745,22709
3746,5131
3747,789146708906493219738273035988238336
3748,126
3749,20261437908496732
3751,2240
3753,0
3754,2
3755,544057197945051807744
3757,2147483648
3758,4
3759,4794438742249607
3760,1
3762,7069322362385241997312
3763,2
3764,38
3765,1
3767,4115
3771,5
3772,2837046652845555712
3774,16057
3779,44
3780,0
3782,10501
3783,94201
3784,62044840173323943936
3788,1
3789,61629875
3790,112
3791,3698
3792,-49892640
3795,1845064263947813650432
3797,48995571600129458176
3798,1764
3803,5136
3806,67935
3813,4
3818,408
3821,22834
3824,19498144172915770069797061001216
3825,24
3829,110000
3831,1
3832,121380831803624636416
3833,22
3834,709
3835,86489687961136
3836,13514655207362825153413120
3837,28899
3845,10
3846,1340262451
3847,1
3848,214478731818384579875900614294234258735104
3849,96630849
3853,162
3855,1
3856,333
3859,135
3861,1
3867,175303210136598478848
3868,316137386807
3869,972
3871,1307
3872,3
3873,70913
3874,204
3875,8996044525
3883,63168
3885,12
3886,8421251
3887,85
3888,4426879297
3889,1614
3890,21714
3893,1981
3894,401888325140039
3895,60775
3900,67866426
3903,-132
3904,1458
3905,483
3906,2
3910,271
3911,3333366765
3915,71991296
3916,4294967298
3920,12331
3921,591512212912103
3922,1
3923,26
3924,6463874923226439325057024
3927,37593919534238
3928,13840816604
3929,15
3930,371861035047540920156160
3931,15985543779112186
3934,47
3936,6216861991058925
3937,5
3939,0
3941,121
3942,812751503
3943,12979537903131359232
3949,21286177612465197056
3950,4419660894
3951,3
3952,194
3955,46835595908
3957,4529
3959,4306
3960,10289
3964,73
3965,64011
3967,3231502092360622276608
3968,6045
3970,1
3971,365573436678862848
3973,0
3974,7413
3976,15
3977,73
3979,47328
3980,1
3981,2592
3982,4066530048
3983,3073
3985,798
3986,537
3988,30241
3991,69346342454876070487957438464
3993,3279037
3994,76
3997,8
3998,-151
4000,78176338
4002,8
4003,5691796357357
4008,1446257064290
4013,4
4014,68261
4016,1
4017,76379
4018,5
4021,15
4022,0
4023,9036329
4029,1009
4031,22
4033,5
4035,1369
4037,0
4038,26
4040,1
4041,91854
4043,5476
4044,335585442530912832
4045,77518191282406
4046,1
4051,1
4054,181
4056,196003
4057,1
4058,27274345271819337990144
4059,1
4060,485580777431805184
4063,27514634239999995805696
4064,48
4068,16106126460
4071,0
4072,38016725
4076,32
4077,0
4079,5
4082,190
4084,604384
4086,167
4087,372409975073537064960
4090,860332
4093,3
4095,12610948727
4097,1942080
4098,9
4099,18884160177390
4100,93
4101,5850
4103,19757886
4105,1
4106,3112
4107,21912208461633945600
4109,48
4110,7938
4111,204
4113,0
4117,55
4119,1621151
4120,5
4122,1
4123,242355211523
4126,361
4128,1
4129,9863627962
4130,80816445128377248
4137,17229829
4140,162938570
4141,276
4142,181589
4146,1
4147,-1906399371246
4148,1193120192093911
4149,153083
4152,310
4154,967
4156,1109
4161,1
4162,128024064000
4163,2082852801
4164,644590797801
4165,66
4166,317
4168,1
4169,101039
4170,2227050
4171,10007235615
4172,9423
4173,851
4174,20511150
4177,2
4178,46226667046360
4179,5
4182,18905
4183,1
4184,1790744248612872
4185,38
4186,6
4188,45309603386047264
4189,33982
4192,26548571098836076
4199,126
4201,58546795155816448
4202,5
4203,37763141619645
4204,9853578
4205,12121
4206,4
4207,4498414682539051
4212,145045251938
4213,1
4217,56
4219,1
4220,186995102014521
4221,36680195041
4223,2
4227,621240
4228,9758
4230,36
4231,14099735676764
4232,351829430966702353416192
4233,75
4234,3
4235,397
4236,3
4240,432
4242,1
4243,3138916347
4247,188888888888881
4250,3126
4251,23553202070626784
4252,0
4256,335932
4258,873705178746128879691527050231808
4261,80640
4264,31824
4265,100588944638377056
4267,396323283724
4271,1
4275,168529220077505246311712207618965504
4276,2
4278,736015055
4279,1199
4280,2046678211455611392
4281,64575
4282,2658968130
4284,5372879347712
4285,209378526541030216433664
4287,784469273871443558400
4288,2111
4290,1
4294,109375
4301,2706
4302,166771816996665568
4304,0
4306,262
4311,1672710
4312,3
4313,1599
4315,1
4319,2
4320,10498709
4321,335018397934911744
4323,7
4324,0
4326,21
4327,1826
4328,13027308783283590
4329,1475789056
4332,3116402981210161152
4333,834910260654
4335,0
4336,58071998385096155708681035410245651791872
4337,1
4338,65560
4340,0
4342,0
4343,947
4347,672
4349,4
4356,25734
4358,1
4359,192
4362,2478770
4363,2
4364,24733
4371,1
4372,275797332138
4375,4
4376,333
4377,6090959605928612681744384
4379,1
4381,2
4385,1
4389,187163
4390,817138163597
4391,1174409216
4392,4728
4394,0
4397,1
4399,24597173
4401,1306
4405,404
4406,1
4408,-1
4412,155
4413,4
4416,3
4417,4013
4418,21524
4420,1
4425,2507
4426,136412
4428,0
4429,645
4431,4754844
4432,4
4433,0
4434,70385914424999
4435,53533873989477848
4438,1
4440,3188443
4441,1
4442,3
4443,2
4444,215
4446,0
4447,5
4449,1539946012373786296320
4450,1
4451,17
4452,19425008
4453,139492421459190250260323857738329543131034320386263892366182055936
4454,166
4455,5
4457,13763753091226345578872114833606270345281536
4459,266447519
4462,1579
4467,32485016339270612
4468,28153
4471,120
4472,6
4474,1
4476,429872766
4478,5
4479,1177
4484,2080
4485,1
4487,0
4488,41868118883289664
4489,0
4490,1
4493,1757
4498,106
4502,43
4507,7388
4508,2194134868688897
4510,1
4513,4
4515,1
4516,0
4520,2354
4522,27818127
4524,3
4526,34629683921533059072
4527,788918225
4528,6
4529,2728001
4530,3008628
4531,17816
4532,31519781
4533,46912512895660
4534,3
4536,11
4540,12342120700
4542,-241700806
4544,1
4545,120
4547,1
4549,1365
4550,19315192390812029681664
4551,1199823052824417402880
4552,1
4553,251
4556,4896942250
4558,1270899359732
4559,0
4560,336
4561,53999
4562,1
4564,29782
4567,260
4569,21893519253879
4573,9565202506169243648
4576,1
4577,5
4581,1
4582,5
4585,2340
4587,1694163830194
4589,5878731842796456
4591,-7804481452660
4594,2333335
4595,2447
4596,1
4598,4506688232943076
4599,2325
4601,1188
4603,1
4604,11100
4605,5
4606,1271000023029
4608,3
4612,328254
4615,4
4616,44573099803921800
4617,1
4619,1
4620,-42
4624,99598128645
4628,6542284313
4629,16280541150478124
4630,26
4633,77
4636,2408761
4638,2
4640,-5451115
4641,12880107703
4642,1766572383518779068133855461376
4645,863108007263944459655646386585600
4647,1
4648,545490
4652,105666333
4657,1614044041864800
4658,71
4666,6445
4667,4
4673,-127083514
4675,-97362
4676,1500429
4681,19689616173526208
4682,60687
4684,65840588544634918010880
4685,0
4686,7606369972746352328704
4688,7
4694,1
4695,5
4696,220
4697,6714011580463844352
4698,49292541820624132513618054440463706028440401061256626097868581376134900342587392
4701,476100
4704,5903
4705,24
4707,-7
4714,252777268861251977216
4715,9699
4717,123
4721,2021236451413828304896
4722,-4172806133425
4724,1351961
4726,3947
4728,1
4730,4
4731,4
4737,1178350
4739,80713737
4740,0
4742,31521422
4744,395254159
4746,5708406518410582687744
4748,134217728
4750,9829042572
4752,0
4754,173227930768100405033304064
4756,1
4759,5
4761,40
4762,2
4766,1
4768,71752914167922672
4770,7633859374178156675072
4773,155
4775,36278649
4776,6
4778,1
4779,101
4781,1
4782,5329
4784,99999
4785,18
4786,237014346525381975567499264
4788,4
4789,503250
4794,888666444221999773007216640
4796,66991127576500887552
4797,-11501
4798,2592895658763
4799,2053
4802,141
4806,214
4807,13027223233651870
4809,33
4812,186
4814,123
4815,0
4817,2
4818,1434
4823,-73015796693016
4827,150
4828,68
4830,102
4836,2477461176578
4838,58010755690276
4839,14590
4841,5
4843,136
4845,53
4847,8156775661
4848,-1
4849,1192533292512492049762145533952
4850,5
4852,1
4853,17179869183
4855,5
4856,7330077518506
4860,47755186896276
4861,51590159492617119397527555481272320
4864,487641600
4867,1
4868,2222
4871,38
4872,24310
4874,2012485449681376903168
4875,23
4876,8
4877,74
4878,2110886623587616768
4880,75
4881,82
4882,1
4884,3903899
4885,66
4886,477
4887,768
4889,4960814599174754402304
4890,423911960773869045118859505515762077979041285651038208
4892,1170106754973419264
4895,0
4898,234
4899,189
4902,6
4903,7
4905,5
4909,1
4911,89
4912,295
4915,23467362808156795759251427426304
4916,18
4919,400
4920,95
4922,367
4923,137
4924,1
4925,302280
4926,1480
4928,217
4929,3854620
4930,2895
4932,1897294
4937,50522190456171
4938,11523237615776387039232
4940,14
4941,1
4943,5
4944,21
4947,0
4948,1
4951,22249674106296312
4952,1426
4954,28776849640787
4957,1
4959,1065
4964,9
4969,2
4971,180799
4972,365435492581
4973,2498926577125339908264566300476119048732872699294418423249300906573824
4974,1
4978,18014398643699712
4979,10363617299670
4981,443
4985,11761044
4991,0
4992,58834515230497
4993,69
4998,4
4999,138978138716920281026265088
5001,4729
5002,786014494949376000
5003,1
5008,1019
5009,2147549185
5011,8169524599872649428992
5012,883340341122
5014,4224
5020,1221221212212212068015497919070208
5022,939742446571
5024,714263158415348
5025,142
5027,134217777
5030,38210
5031,1
5032,1873
5034,28
5036,912
5037,3
5039,106
5040,1
5043,1
5044,6
5045,317
5047,2
5048,6551155815164042038193684480
5049,185313217293
5052,132060883742888860509547227252889771079540832815911272448
5055,112
5059,1
5060,1175487521
5061,2
5063,87
5066,14143
5067,104789417805394591744
5069,0
5070,4831
5071,19
5072,41395028
5073,0
5075,310597
5076,1
5077,2
5079,124902
5080,585360583605415444480
5081,5569
5082,1
5083,435
5084,816444899
5086,40320
5087,1
5090,763145140
5093,1
5095,260
5096,6
5097,1081
5098,1107712590346165504
5100,1
5101,34240556133396062208
5102,4118
5103,679585896989
5106,555226177657611681792
5107,156
5111,131
5112,11100000000111
5113,1
5116,126
5118,1632
5120,617731
5122,891419823161
5123,158253703693611872
5126,2285888136
5127,15241733508
5131,2624955281374868085157479890647521427456
5134,-1
5135,1
5137,1
5138,13963
5139,1
5140,11981970
5141,2188
5145,4
5146,47082821529795
5147,4142127132000
5148,36759026
5150,1
5151,208817842972452690531641182923118089169564336128
5154,196226318333
5156,1
5161,5
5163,0
5164,8277
5169,13649
5170,102629
5172,1125750147
5174,2
5176,129733
5177,269
5178,746528
5179,94
5183,3936967743525054
5187,5709392263061431296
5190,60
5193,23327
5194,4
5195,543547039
5199,110
5200,4
5201,41804011
5202,268436240
5203,6504763
5204,1
5205,1
5206,164207415391767
5209,7
5210,349
5216,61110
5217,162402641585664790372917706752
5218,1
5219,136
5222,549
5226,1062747
5229,43497286190
5233,881811
5236,1
5237,4
5238,8052605
5239,4997607784894751047680
5241,5
5242,544
5243,2515329959
5245,36
5246,18
5249,22877
5250,0
5251,53767107
5253,1492993
5254,68675
5256,20736
5257,300
5264,-84869120
5266,3
5269,2
5270,88577
5271,3
5274,15717
5276,0
5277,0
5280,36
5283,4289
5284,595686
5285,174
5286,995290
5287,1
5289,81
5290,3
5292,2053844
5293,82876023112
5294,13951
5297,260511358279859
5298,21912208461633945600
5300,1
5302,35184380477440
5304,149
5305,143101889288839512064
5306,5207
5309,18917726
5312,5
5313,59141557731461253038080
5314,0
5315,13671875000000002
5320,894958
5326,162129586585337888
5331,1
5332,1
5334,733
5335,136
5338,1
5340,15
5344,-12
5347,17493175265642424
5351,2417
5352,35348150537672720636731981824
5354,3469
5355,57
5357,636244446154359046144
5359,5
5361,259
5363,30
5365,69
5366,3
5367,1525
5368,4738
5369,1
5370,62848396027216008
5371,709
5373,1
5376,82
5380,819
5381,146511615
5382,66398861187469440
5385,519
5393,79
5395,13454496
5398,30
5403,12
5404,593
5405,0
5406,-1
5407,2305843008139952128
5408,66107866110
5409,5670
5416,629414777
5417,4423
5418,51994930493116638673993135646834688
5420,-1255621889
5422,105
5423,239
5425,92358976733185
5426,1000969842322592128
5427,1
5429,4
5430,60
5431,30986
5432,15
5433,0
5435,1
5436,1
5437,203290725
5438,336541229022495866797858246827544936448
5439,42
5441,40564819207303340847894502572032
5443,3300921733229659648
5447,1529238539734890577920
5449,383
5452,39
5454,11570
5457,187
5459,5612513072003174
5460,0
5461,11
5462,23088156449777054121984
5463,18446744073709551616
5464,11867803667695158
5465,499995
5468,5957213342251298393686016
5469,1
5471,179
5473,260
5475,10177
5477,4979047
5478,270179147077
5479,329299899410062
5480,0
5482,4
5483,12338583303166
5485,42337793743245
5486,-108409774812137680
5488,376
5490,1
5495,99990000029
5497,13333
5498,7
5500,1
5506,53
5510,46
5513,4089691428777
5514,0
5516,0
5517,461
5520,1
5521,92665129612484464
5522,98304
5524,3807
5526,74615470927590711132946432
5527,13249
5528,15248210
5529,31
5532,1
5534,653245536583152611958889977479168
5540,13
5542,182
5545,0
5547,1963385384178902109577379239650397186353327236972544
5548,5
5549,2222393016
5553,10000000000000
5555,-558671488143240007254016
5556,476512796253
5558,41181
5560,5
5562,2691
5566,2
5568,20202
5572,-17518619320890
5573,125
5574,752546
5575,1
5578,1140
5579,661
5580,203
5582,1
5583,-171
5584,11
5585,1
5586,2389
5590,3457
5592,2001
5593,2
5597,570348355890362
5598,1
5600,1
5602,-3
5605,162
5606,33725176208
5609,5
5611,319738385003295
5612,240945152
5613,77
5619,8155307267743
5620,1890
5622,2349
5625,724
5626,180
5627,0
5628,813
5629,1029
5630,78
5632,24222205927065483476992
5633,5262554710780
5637,1
5638,146
5639,46913124731323400192
5644,-38
5645,48
5646,447847214484186333184
5648,0
5653,304904458867761365742033829888
5658,1265
5660,3
5663,15708
5664,1
5665,1110009100111
5670,113
5671,51702516367896051712
5672,5242
5676,3
5678,1
5679,54709494565753782272
5681,290
5688,51631
5689,788674
5691,18881
5693,1
5694,683573
5695,912169686
5696,3
5699,91
5700,10845177
5701,6311523942644393705472
5704,37108
5705,5381
5707,1
5708,5142651749
5709,5080077
5710,228
5714,207900
5719,78
5720,5
5724,216212831973523328
5725,415
5726,0
5727,14700311020824054881845248
5731,67415162325326490501120
5732,347
5733,0
5735,981
5738,88155858878
5740,4250070
5742,19047319832
5743,-75103176871966416
5746,897
5750,3048624
5751,5
5752,308614250915
5753,11188660
5754,0
5756,21
5759,81700842
5761,1
5763,617
5764,7234514
5765,242
5767,1400767518477984
5768,8552
5770,4813
5772,15
5776,9866
5779,401643
5780,3
5784,180563263
5788,75
5789,1477
5790,26
5791,24
5792,3804289790332919
5796,26262769508251
5797,0
5798,2651751
5800,3124821510722
5801,5
5802,7
5803,2125854494007156801536
5811,1
5814,3439
5815,8721784692725
5821,0
5826,739
5827,87960930222080
5828,432
5831,4
5834,932131991
5838,191
5839,1
5842,1
5844,2823879525331
5845,16
5847,22876263089
5848,1728
5849,3
5850,130783762623673221120
5853,6502888210
5854,2475880078571033228681936896
5855,13477
5858,150628864
5859,2539352
5860,57
5864,7
5866,386
5868,8648
5869,984375
5870,1304
5872,4509991466
5873,520
5875,4473300
5878,4686024481746
5883,131
5884,99
5885,224
5889,11111122222222224064334272295009657725153911767194174228065925993305036816384
5890,43
5891,83
5892,5619290597
5893,894
5895,531697893
5903,1
5904,1
5905,50
5909,81838
5910,2113526993753
5911,309
5913,77073115
5915,0
5916,497
5917,10
5920,1910
5921,1
5922,1
5923,5
5925,21683
5928,4146944048612
5930,1
5931,3
5935,3
5936,7339592775850735349306604545638400
5937,171236
5940,372
5942,220500220500055
5943,488882861126970688
5946,1
5947,617864098
5950,-14913850922254970673692672
5951,1872
5954,2222222222222640128
5955,100501350283428
5956,99
5958,242
5959,157
5970,5
5972,2
5973,151077058155294316560384
5974,13945
5979,0
5980,34406400000000004096
5981,7753131181401086
5983,1676020
5984,278
5986,1
5991,63190949993252
5992,104
5993,0
5996,123732841202882
5997,35567
5999,847758404862405541800031721049784416205343611868778076965575664939401034554408960
6001,176
6004,38743019104003907584
6005,3550
6006,265424110
6009,1
6010,1
6011,19
6013,18177
6014,133
6016,150
6017,4015771398425994240
6018,0
6019,1035352
6021,101
6022,43788284924757106688
6023,1
6027,123791477
6028,186
6029,55
6030,2
6032,99
6033,100
6035,8580
6037,134987215801622176
6038,474
6039,513284401
6040,5
6041,208234
6042,2
6044,420
6045,0
6046,200512266365651840
6049,1
6051,63018038201
6054,3479066516
6055,147753108120172417253376
6056,1
6057,29627412820919433822208
6060,43
6061,86
6062,840
6066,1
6067,101
6070,25
6071,9051563520
6072,5
6076,194284726332034406940672
6079,1010100
6080,319392450
6082,146875717
6084,392072898145897
6087,18003445520975508550556837012921117799612416
6088,2
6091,4596597483881682944
6092,90059836210434304
6094,1
6096,0
6098,220226069
6099,1
6102,2305843011361177088
6104,10423970912644420861952
6106,465
6107,192233359691316032
6110,53
6112,97
6113,362
6115,452
6116,5
6117,2105190929074574
6121,1
6123,20321657667
6126,4
6127,151
6128,720
6129,2600000
6130,168471778934912
6132,3672
6133,63840000
6134,502146957312000
6135,1
6136,5
6137,608981847760
6139,1
6140,2250742568856
6141,148864316
6142,120549237600
6145,51998692654400641458765824
6146,1100000000000001
6148,9826353817510
6149,1526
6150,441
6151,3
6152,59384294007354877377198243708928
6153,0
6156,0
6157,1061208
6160,3819670713849334
6161,2
6162,1207862068271027804401534238720
6163,405436597890428352
6168,1
6171,22
6173,2893656057013955
6174,2146991913
6175,809
6177,1
6178,2699393
6180,1
6181,38602480526452432
6184,66
6187,317920082
6188,141215033961
6190,1
6191,95
6192,55895067029733376
6194,53091879496979
6195,145638518631283771457187878578553880576
6197,3169467786802943607439360
6199,44729027703
6200,0
6201,74
6203,51
6206,150090820599733472
6210,347246723858432
6211,2566376117594999500352076066666902844342272
6212,66991127576500887552
6213,20660610624854464
6215,1456
6216,72004899337
6218,38147803579611
6219,15034034
6220,1
6221,5
6222,39
6223,70
6224,1755017434783805952
6230,0
6232,-16673359120807
6233,6
6236,153532638260056128
6237,1
6238,6
6240,509486
6241,72498816
6243,1836
6244,802788
6245,148
6249,936122454107532672
6253,-562617357279
6256,1
6258,0
6259,8563
6261,60
6262,14790259400297194430534654571869020115670401024
6263,2
6264,226
6272,17
6276,41900
6278,266
6280,1800122483439
6282,2438
6283,29
6285,379067097
6286,419220650458638843904
6287,343613
6288,1073736215
6289,0
6290,3060
6291,196559
6292,4
6294,21322314
6295,1224979098644774912
6296,586
6299,75884840634173454548992
6301,312
6302,889
6303,14593
6305,8423131243022495744
6307,1871372035777249148928
6309,0
6310,737869762948382064640
6313,1
6315,236
6316,-496815684169728
6317,0
6319,2940
6322,864
6324,3054219626
6325,6
6327,326
6329,1053
6330,108
6333,42125475
6334,551396631852152256
6337,66666412353515624
6339,7400249944258160623616
6341,963527184553
6342,1
6346,3
6348,28610926728444104
6350,1
6352,11
6355,409
6357,2753396085474938880
6359,256
6360,132236541042728177238016
6361,470
6364,664215551999999
6366,8830673551899144862883213995933696
6367,20667866
6369,3095
6370,1
6371,1
6373,0
6375,104
6377,2
6379,43185
6381,5
6383,2076797833465298944000
6390,623
6392,1872
6393,9341202627992078336
6397,144
6399,0
6400,482836315990072
6402,3505571
6403,71366238515473178624
6406,4
6409,2475873310144021779286327296
6410,3
6413,134330402
6417,3
6419,222323189
6422,923
6423,26
6427,1693443980145088
6428,31744440
6430,3886
6431,475
6432,3
6433,1680689788
6435,0
6436,1197
6437,9
6438,1
6441,144946915
6442,0
6443,1610612742
6445,732058048321004032
6448,11708778018848185553780736
6449,100231122103104106385113088
6451,-23161369512191120
6456,3337450100119
6457,10
6458,217
6459,17
6460,13052612865600
6461,0
6462,71
6465,562
6466,0
6468,910524697147612955972099637248
6469,1874177
6470,104469304517331664
6472,79
6474,1
6475,110046335
6476,134872
6477,-1955196907518928896
6479,0
6480,431939513197633720179767070237050112070240960512
6481,4477453
6483,338
6484,188
6485,411
6487,899
6492,1
6493,40
6494,0
6496,-1
6497,527
6502,1
6503,102
6514,2127
6516,8532750
6518,88
6520,85168
6521,24691
6522,1807559099808
6523,9021949578484028
6525,89
6526,1
6527,3030800878069216768
6528,9369317
6530,488934643
6531,4
6532,1275139722566251053056
6533,3779849621
6534,114
6535,109
6537,134096500267392449510144852975681536
6539,48
6540,4
6543,286171
6546,14305114746093748
6549,5831
6550,2
6554,343
6555,70249051303937071946661888
6556,-466960140
6563,310889111776919552
6566,1922496
6567,156
6569,3
6573,1
6575,3013593
6578,1
6579,15135
6580,3
6581,124
6582,973073173
6583,5
6584,1
6585,8779
6588,1
6589,22099
6590,8198107320389012901887247621084145516544
6596,189
6598,81
6599,2
6600,-1
6604,5
6606,1
6608,1475
6610,1000005
6615,654
6619,2
6620,1050
6621,16961
6622,121475619747110
6625,4265518180073473
6627,162
6629,15720251312
6631,226450568
6632,470521096089634
6633,82
6634,23887
6637,1
6638,1037672210204182970368
6640,1312251244423350
6642,84843555216818
6643,121
6644,100
6645,104
6647,3
6648,67221368736302227456
6649,3407
6651,1712353
6654,1
6655,3331
6656,9
6658,319930214921175616
6661,250
6662,5060345244766
6663,136884293
6665,5324452218998555148288
6669,134234110
6672,65
6673,156644241
6675,82768529
6676,4
6678,4
6679,9773
6680,1
6681,157197025673216
6682,176
6683,43238
6684,1939039547445
6690,5440215989173113
6691,854004
6692,1472
6695,16
6696,121049691
6700,2203
6701,330
6703,4
6704,1036249111850136064
6706,1218719480001310
6707,255930
6710,18
6712,317
6715,52
6716,281
6717,1417425156
6719,10011386406036
6725,3135946492530623774720
6726,2197
6729,3
6730,2
6731,5617
6733,197167421810210653601792
6740,59
6743,1020598339
6747,505587660230864902914492207663677440
6750,1
6751,4
6753,1509
6757,1
6758,24595658780694282240
6759,1
6762,1646232780191728
6763,445
6765,193734
6766,71
6768,0
6771,12870
6773,3270752362
6775,2
6777,1158137
6779,1175834016
6781,160030080000
6783,662860224
6785,41269612629126373376
6788,752
6789,2388526982109443
6791,487
6792,62840
6793,7
6796,62914
6798,50012885659703544
6801,658804931640625
6802,1000000000000000042420637374017961984
6804,19635210
6806,639383185792
6808,120764274994
6809,39458245623693926400
6810,0
6811,216
6813,922
6814,1
6815,20391
6818,1380
6819,47727771
6826,53
6829,44602260230569981476643195547798720485523456
6830,80
6832,109
6833,474869816290526
6834,1
6835,16444780506622898176
6837,2809532
6839,1420864
6840,112925875764
6841,2401
6843,30233087
6845,14186901874647124
6846,5606759
6849,183169801
6851,2
6852,7448359984872483
6853,135
6854,1
6858,1058044767
6863,169
6864,10890
6866,919
6869,1597490695887
6874,4011
6877,1623
6879,214168486397890528683297366605824
6880,34406400000000004096
6881,1
6882,31501
6883,311663090859133
6884,0
6886,26005
6887,0
6890,5212588351382876581018337053507584
6891,20010
6892,288882
6899,-26908
6900,1
6906,73667279060992
6908,962672885162309058560
6909,703108665327
6911,700633502320
6914,271
6916,1587
6917,737
6920,1125491075317838
6925,7
6926,2052127122433052
6932,353115
6933,92
6937,941
6939,13137679999737
6941,200291280469622784
6942,12884901886
6943,11876402839
6945,407
6946,183
6947,3030645565448009327352249094360299502305280
6953,19359
6955,0
6958,286071240
6959,108
6960,91834772480
6961,111010
6963,4
6965,283980949309
6969,450230328670670144
6970,0
6971,741558531562612608
6972,2
6974,-11291351664942336000
6976,1
6977,3
6978,4
6982,2605
6983,1
6985,135112472
6987,288070000000000000
6990,13
6993,696
6996,2
6997,10193
6998,116
6999,693
7000,1242573
7001,334530
7003,0
7005,47
7007,10
7010,1050
7011,11111121211
7012,151
7017,322956657504465984
7024,241202360755898
7028,2777301048403873401576791468080866600962254786074384178516387702823537719358638577095951828123648
7029,134505
7033,755755366146
7037,3
7041,972195
7042,4
7046,1
7050,1
7051,78708576907763872
7054,6136294752
7055,0
7058,2
7059,1
7061,63961
7062,70368744112128
7064,9155394399191040000
7067,12622
7071,96
7073,231
7075,1034834452512042277513052815360
7076,10085
7077,265546875334
7085,1980
7087,0
7088,63
7089,18001206351037996
7091,317069381268836096
7092,1033
7093,9232
7096,0
7098,25
7102,10657
7103,5206833885
7108,1
7110,14672
7111,39064
7112,185
7113,-269
7119,1758223755079553384448
7120,8007228348256409720631043555328
7123,7
7127,0
7130,2022395235481793
7134,39
7136,79
7137,14283
7139,361
7140,764
7144,1
7152,168167959150232
7154,2123
7155,4
7156,118
7158,449295
7166,60
7169,11760
7171,1
7172,16
7175,5
7177,12
7180,1
7183,0
7184,7215722
7185,-270352239123704836404241498112
7186,1
7187,5867881503628732
7195,374684
7198,19
7202,1
7206,16
7207,327
7208,1
7211,100
7212,41679
7213,25389
7214,210
7216,4224
7217,688019138485
7218,5719528173799440
7220,3163254256
7224,452
7225,7
7226,100
7227,4657463
7235,0
7236,5
7237,271579372060673
7240,868
7241,2939
7242,40136622793191473906898744111661618036736
7243,5
7245,2
7247,254
7248,0
7249,1333921830933372597736845606912
7250,1
7251,1589874326596159860113408
7252,1931
7254,0
7257,607
7258,76
7263,2147483648
7265,172897096309149248
7266,14112145883113578
7267,8243464731968267264
7269,41
7271,1
7275,4
7276,1
7282,126
7284,1
7286,6
7289,-901534197
7291,72245888404549701468160
7292,3858687620200
7293,63769149440
7297,10
7302,177
7303,3650460767
7307,1
7308,360
7310,34
7312,3
7313,1142247144301883162624
7314,73681302248
7315,1714
7317,192037
7319,2
7320,355211
7321,85
7322,10961190840267256887246848
7323,159681826564
7324,2843
7328,31726094113
7330,303572061
7332,755856
7335,10335
7337,100
7339,11305
7341,99
7342,31622993
7343,288643978272
7345,1
7347,0
7349,0
7351,134
7352,501
7353,55353784249983829016576
7355,0
7356,1
7358,1
7360,107
7364,4
7369,19440698291099
7371,237
7375,1
7377,1187295678104767
7380,1
7383,753766760448
7389,2147476211
7390,788752649609653518336
7394,19
7395,19
7398,114
7399,6
7400,8641
7404,211016
7406,31539774822672
7408,714209495693373273421119488
7410,63402237401
7411,202
7412,370204576610120433664
7414,861066640
7415,0
7416,480
7420,8583180609746819350528
7423,67681077927288232
7425,24061983498249428795392
7427,8589934626
7428,9478895478788
7429,327967
7431,1059630407
7433,1007
7437,311
7438,1
7439,1059595772
7441,195
7444,1178530572556416628734181928867987456
7445,248
7446,4
7448,114946998
7449,1549
7451,7024392489769645
7455,9
7456,300219166283452383232
7460,30802509672438816
7461,306213956668
7462,223726
7466,10
7467,3433
7468,1499772036736668160
7471,22016072194119845281792
7472,1711151039054955
7474,1
7475,1945
7476,1901145023
7477,31019282772508080
7478,1
7480,1
7483,317733228541
7485,3
7486,1
7488,182717648081
7489,1151
7491,856666666
7492,50506696
7493,96
7497,1433
7499,62
7501,3350860422355180022923264
7502,2820114781174459904
7503,2053
7507,733
7508,1
7509,36416871665698099876069376
7510,1
7511,49669441586962088
7512,1
7514,49
7518,322
7519,7210396068827814
7520,2
7523,1
7527,6
7528,5
7529,150493827160493824
7530,288486385024598714351616
7531,1
7532,0
7534,5503
7538,1
7539,17158
7541,66
7542,75
7545,1
7546,298
7547,10
7548,41
7550,1728
7551,10185
7552,0
7554,1
7556,26811
7560,411
7561,1
7564,919
7565,597
7566,146
7571,10185986079451148
7572,457341567152354099200
7573,16116066766061590528
7574,1445302430884160256
7575,852904536084992256
7578,14071
7580,2
7581,460942161
7584,98
7585,1457
7586,40
7587,1
7590,15589
7591,24850
7592,13
7593,1
7594,4182
7601,1
7602,10968475320188930
7606,281
7607,27145
7609,4710009299519
7610,157957
7611,319
7612,1
7614,0
7616,3312325244431
7618,38854330297230565572608
7620,-1
7622,402700794
7624,103106587509
7625,118
7628,2
7630,1
7632,0
7634,140
7635,2733658
7638,0
7639,799890
7641,290
7647,647
7648,220
7649,811111111111111155484983296
7650,891844034416624533504
7651,33254351828416
7655,317363
7657,1156970310094516518912
7658,277
7661,7744
7663,2727216210298152
7665,1
7667,197
7670,314704
7673,282
7678,309400794704375
7679,1617984
7680,72
7682,511
7683,1
7685,11
7686,1218912
7687,199
7688,1839089815861812224
7690,37
7692,17
7693,3
7694,1418980313358961920
7695,0
7696,454
7704,1
7706,1
7708,646
7711,15558879389713
7713,146402730743992960
7714,109760
7716,13026
7717,67
7718,1741
7721,296245727341358
7724,305153651313989056677055003499692032
7727,934404353646
7728,926
7729,1
7731,12
7734,4718592
7735,10336964079379
7736,37941757
7737,104
7738,3
7739,1371450824
7741,28508855963437334528
7742,1
7746,9767769967769767936
7748,459808
7751,0
7753,670214851495833
7754,13870824556736136
7757,0
7758,468198
7759,651
7760,3247323803322746929152
7761,609359740010610
7763,1
7764,516560652
7766,3
7768,31
7770,0
7773,0
7778,14387670
7779,714285714285714341888
7781,1
7782,13007
7785,3016
7786,8183891
7787,709
7788,2
7789,87403805
7790,42
7791,6
7792,707
7796,2401
7797,545
7798,8
7799,1
7803,39220841304052512
7804,18331850668390062841921536
7805,13402
7806,1
7807,1
7810,351187
7813,4765998428116
7814,71
7815,131
7816,9
7817,1
7818,31990402029810
7819,24
7820,103040932264504736
7822,36
7824,1
7825,33
7827,1803
7829,576511092268
7832,-11
7835,97479792537
7836,-170295099173001035776
7839,121344968178205
7840,421
7842,1111111110
7843,115134608782589902848
7844,5
7845,6063505521114
7847,85
7849,1
7852,2357947692
7853,400
7854,1
7857,1477399306
7861,197
7863,652516251742073
7865,347270877144570688
7866,1004926765
7869,323627960380394118253520093184
7870,12
7871,4
7874,-19
7877,5537154119
7878,66991127576500887552
7882,1
7883,3478856051
7888,177
7890,1
7893,656593430123179528781237040826974801494016
7894,379
7895,230351
7896,92
7897,693237136979
7898,12569
7903,21
7905,4886
7908,5273012581579
7919,8763696
7920,90708013716277727453896224607595134976
7921,198
7922,2594073385365405696
7923,162259286498258773095973604294656
7924,1324619986
7925,131
7928,1
7930,111
7931,702418373381
7932,310
7933,3
7935,4
7936,8526101
7938,17007925267174810189824
7940,9465000000
7944,13082644736437173354496
7945,1
7946,3136
7947,4
7951,4873922247
7955,400385
7956,3
7957,740180747890
7958,4872
7960,337
7961,689
7962,1
7963,2
7964,657
7966,36
7968,959583774837
7971,36
7972,103
7974,3214039167
7975,0
7976,5
7977,1
7978,21365388661232870437255380992
7979,9
7980,0
7982,0
7983,28109
7984,613500825600000
7987,1137
7989,278630854386
7991,289573
7993,-52732664833268612384240097172652032
7994,25
7995,361
7997,1
7999,0
8001,19
8002,0
8004,6273346050902229161030451200
8005,11592836324538748928
8006,1
8007,1
8008,3
8010,250152176221921345536
8011,242
8012,-18149106017123576
8013,6
8019,1
8020,189
8021,16
8024,2255287
8025,1
8027,121575329
8030,84466
8031,1
8033,23989
8036,3
8041,1
8042,1
8043,3
8044,1358372
8053,0
8056,876542
8058,15678
8059,4738755972544001
8060,86327982
8063,-5662012752048
8064,12932530040180555382784
8068,1618
8069,743
8070,8877786554881
8072,15671
8076,6
8077,118
8078,34406400000000004096
8079,1398040
8081,1514127865041989841217525833495861435340764648099020800
8085,337400
8088,1
8089,240051
8091,2
8092,1
8093,217194245
8094,1
8095,5
8096,531
8098,4
8100,59736216859096
8101,272
8102,357097066563855450112
8104,1
8105,31081
8108,148312939031577504
8109,3
8111,31571
8112,409984044318336
8113,206
8114,1
8115,23373
8116,66484134834183
8120,2045
8122,1
8124,780074286906
8127,-141682
8128,101111
8129,377487360
8130,43048039
8133,11177
8135,11185850044938240000
8136,4359360903570
8137,736968
8138,2895147163
8142,19
8143,122156223100160
8145,26211438
8146,3407
8147,336778
8150,102
8151,1
8152,18529630741852964
8155,1
8157,0
8158,1676048072704
8160,1
8161,622031
8165,9785
8166,211282
8167,36028801313906424
8169,90
8172,18798621916707824
8175,1
8178,472
8179,155
8181,1
8183,61
8187,213
8190,24696
8191,2521222747131
8194,4
8195,1
8197,1385331749802026
8202,111603564544
8203,238
8204,3
8205,103559574448252
8206,1
8208,523721
8209,1
8213,146
8214,73939100
8215,6430828699975680000
8216,58463
8217,95
8219,1634
8224,5
8225,-694574685186
8228,65
8229,32668361
8230,2
8231,2962109225511584308187338463689045852950494341013866283008
8232,3
8235,503
8240,0
8243,5
8244,245
8245,1
8248,33612
8249,150094635296999104
8250,145
8252,10523016528610350889636440276423671808
8254,1129718145924
8255,26
8256,1860867
8258,228
8259,15032385531
8260,24050968520825
8262,1203163392175387392
8263,661
8265,110
8266,1
8267,1
8269,1
8271,1
8274,43228355222030579138560
8276,21
8279,420
8280,1
8283,1295
8284,107133
8286,122510
8288,1298920385093126
8289,1993
8293,5
8294,0
8296,480
8297,0
8301,28939
8303,106
8305,5870175231
8306,-1
8309,-1
8312,136224
8315,2911
8316,11878
8317,4785
8318,67
8323,157797437377747320832
8324,1
8327,2972209
8329,1205229864917274
8332,2
8339,12
8346,422
8352,3
8354,2104090575136
8355,3255023127143379894272
8356,1
8357,566735214731736960
8361,1187791
8368,1450794057547672515689482150118317151166339137568421969920
8371,95191234404373
8374,10
8375,243995394722298601383395328
8377,7555879
8380,3221225467
8381,4265518180055581
8382,20875
8383,54
8387,58
8390,2835088280044468
8392,1
8394,2
8395,265838882
8397,12
8399,13565010872
8400,162
8401,3133
8402,1
8406,22223125764941224
8408,3344
8409,1
8410,1498098159164709851365376
8411,-531767959826169856
8414,0
8415,1880363
8417,1
8418,345980015040103
8420,-3
8422,11122321
8423,5
8424,2
8425,1205
8427,72
8429,262
8431,658
8432,1
8434,195
8435,0
8437,0
8444,425814
8445,164268952147740
8447,1
8449,97830370630931883779780956389376
8450,68731355395413
8451,29552672
8455,1260
8457,947468281528010111740238704410624
8458,0
8459,1956516794721
8460,1
8461,2993025524196940
8463,10001
8464,3
8465,1
8466,2
8467,1
8471,27167
8472,85672139
8473,108
8474,1224979098644774912
8475,0
8477,663447306235471069184
8478,855223829946
8479,45
8480,4522
8482,4
8484,188561231252440481792
8485,72
8491,9379982461411242541056
8492,51
8497,1666560
8499,16826992
8500,15311
8501,1
8504,1123008691175260482541977600
8509,9
8510,30
8513,13
8514,16807900
8516,429477288
8517,3
8518,23243
8519,14
8522,45920564571398
8523,336
8524,3060144292600
8525,35831808
8527,4433497629
8534,1
8535,436
8536,1
8543,226
8544,51082139
8545,1
8546,52
8550,1
8551,527
8552,1
8553,0
8554,5319671143
8557,2147483183
8558,147362699895661707692834029568
8560,4066934
8561,130
8563,450
8567,4495151581425648
8570,48792090150495184
8571,157418587
8572,1
8574,143
8575,105
8576,26747097356
8578,-1
8581,457
8583,6
8584,1375
8586,207346
8589,26437
8591,142451633652605184
8593,10099
8595,1313061004
8596,96071
8598,0
8602,3814790598
8605,91
8606,1584215521670143
8607,53355454366531328
8610,1
8611,0
8612,0
8613,838128897424868066138063898183904402752407798532900034445312
8614,67535213191279616
8615,5
8616,8036822912123765
8619,42
8626,1367
8628,1
8629,19315229942699226300416
8633,2827
8634,11881
8639,4
8642,2086518566002242617344
8643,-7068679614900
8644,4
8645,69
8646,439
8647,1
8648,18728280768646892
8650,1122
8652,957
8653,101
8654,5
8660,6119083756549608448
8662,42301050171904
8664,179920446576
8666,153602013
8667,25
8669,1
8671,356
8674,89797281724981
8675,6885454
8678,46875
8681,4
8684,62154228935090912
8686,8
8688,24
8689,-2429815472
8694,1
8696,113471544284531343360
8698,41410
8699,508
8700,35382238643151
8701,1
8702,6115
8704,1
8707,35053995440
8708,2489605188
8710,32215
8711,3252
8712,15361
8713,208811
8714,4
8716,1
8720,540
8722,1917282
8725,7376
8728,352231966693098847385757753016320
8729,1068547329
8731,3
8732,7963585194
8733,11935409236818
8735,54074836
8736,6
8737,8477309210264364032
8739,249
8744,7
8746,120
8749,134
8750,11
8751,76981272132177641472
8752,365435296162
8754,1139
8756,0
8759,5
8760,601
8761,21
8764,4
8766,1
8767,53
8768,12
8769,5755145891541172617216
8770,1
8773,5096346969372
8774,85
8776,2125941
8780,1049041748046876
8781,4
8783,1531
8784,10633823966279325802638835764831453184
8786,2672
8788,2333
8789,3
8791,1
8792,3571425
8794,42
8797,891598970659375
8799,4658
8801,142706
8802,5387
8803,1
8804,120468464465317266980864
8808,5
8816,1
8818,135365087812821440
8820,0
8824,33163304
8825,0
8826,4
8827,941348409856
8828,1
8830,5535530
8831,225848657976
8833,7681
8834,3999297600
8836,16
8841,0
8843,0
8844,1201
8852,4
8853,839160
8855,5745263575040
8856,1
8858,-5702888
8860,8468524718133804
8861,546053643671246
8862,10
8863,7584237
8864,248909274495
8865,1
8866,1
8867,62
8869,15
8871,169
8872,3999066341994024656749723648
8874,735
8875,96031414
8879,10220607799703
8880,177428889407488
8881,129930655198026519310795689426944
8882,1
8889,1
8891,7614
8896,6
8900,51175308252
8902,74
8903,786432
8904,1
8906,250
8907,3030800878069216768
8909,170496
8910,220277446621
8912,683
8914,3777
8916,5
8917,0
8921,205068349558850203204911800532829517626898058621179297546633216
8922,335
8923,0
8924,2302302302302301
8925,280
8928,1738670860867061508251490189312
8930,2
8932,18729347384947376
8933,113585794743350800
8935,4
8937,28925
8938,8580707127
8939,1
8942,3112136
8943,4
8944,653193551573628878848
8945,184635924282
8946,0
8947,188856966693230
8948,59
8950,1
8952,0
8953,46912487729835
8955,5810240353159839744
8958,5678542289359508114780454912
8961,812014744422
8964,46
8965,27
8968,2531
8971,3
8972,594
8974,350082293087247269888
8976,2963
8977,33
8979,1
8980,2560653926998
8981,81
8982,182
8983,1
8985,27720
8986,2355561039070
8988,13825
8995,56
8997,34871040169792244441881081835494173135043774089997205292815708047015936
8998,821
8999,-1157338
9001,13271
9004,7940967421582
9010,0
9016,-74584610233
9017,22235661
9019,0
9021,2602
9022,305171875
9023,8677515651883507923288064
9024,1
9025,2024203917965
9027,14326021
9030,3
9033,707616
9034,11
9035,5
9037,414
9039,300674088
9040,395636332447752192
9041,1
9042,272
9045,0
9047,16272143720320
9049,161
9058,6311523942644393705472
9059,64378824026712680
9060,1
9061,4592574521519240239739043840
9062,14821469184
9065,324848
9068,151746899
9069,847159236
9070,47318029786249952
9071,144
9072,57708886492197048
9073,2
9075,1019
9076,4355213008401
9077,421724160
9078,28259635983501164
9079,76
9080,323260
9083,18889465931478580854784
9084,56354
9085,7171876
9086,127
9087,2
9096,-412388
9097,122
9099,36593855004
9100,60
9103,863558
9105,5660814
9106,61
9107,16524503
9109,9605
9110,1
9114,111
9115,7317351687
9118,57978103372337812443499562305824123827269402878326367617202828345344
9119,5
9122,21
9123,968
9124,4770739366042378565067586679078912
9126,0
9129,227056896
9131,478
9133,1200010201718666
9137,18
9138,68126
9143,83534449921348599808
9148,0
9149,113
9150,1
9153,25593279760991201319677000155136
9161,209178
9166,669
9167,536988
9170,8774
9172,1
9173,619
9174,13298160713181684
9176,2426163312691980
9178,1
9181,15914247875
9184,7
9188,1
9190,27192
9194,3816126076107
9196,101554003879403824
9197,6173
9202,2
9205,14135346
9206,1
9209,1
9213,13695
9217,199945129785484984188928
9218,159
9223,-27026064538664960
9224,27207
9228,5470968994479724298240
9233,13
9237,1
9239,142
9242,2545
9243,116335499
9247,15689243192533764096
9248,1
9251,199
9252,1
9254,5
9256,6857570007949312
9257,34406400000000004096
9258,553
9259,19342813113834066795298816
9266,-2
9267,812726
9269,93
9275,2377050
9276,0
9277,76
9278,134
9281,399001
9282,18648854413661916
9283,104329399500
9284,169
9296,1
9297,183
9302,550
9304,3171816083526849134592
9310,99
9311,1
9313,4
9317,180
9318,40
9320,6962
9322,9
9323,36168
9325,1
9326,1
9327,2
9332,36864
9333,0
9335,1218587
9336,-6
9339,1
9344,1
9347,1
9354,255
9355,7006302246093749248
9357,1564
9358,24884854518614
9361,3
9366,229264368710
9367,88
9368,1
9369,1
9373,455510634120920858361856
9376,1
9377,119925
9378,1290240
9381,1
9384,5
9385,1709
9386,0
9387,1
9390,143
9395,1084945281836331648
9399,52
9400,0
9402,110000
9404,1
9408,11411
9409,1
9411,1155
9412,1109402007850
9413,15
9415,16218261652320
9417,3
9419,5
9420,20399
9421,1
9422,5101
9423,971
9426,180
9428,247620352
9429,104255099738019306930176
9430,814606
9431,1
9432,30103
9433,3016918
9434,128377414029
9435,1
9437,0
9439,2863311531
9444,-2
9446,3092468110
9447,258619428
9452,12350417
9454,289
9455,4292762143284289436284343705141248
9456,2
9460,3181
9461,1402840195850906
9463,198457647877828123459321856
9464,2251799813685248
9465,40805613185620288
9469,257450488580368513341354672128
9470,61742372998425085308588523520
9473,61159090448414007296
9479,668
9480,1
9483,91
9486,29093289
9487,154685343
9490,1
9491,89
9493,140003541989180
9496,36183527861539576
9497,172186883
9500,364154027
9504,573
9506,23
9508,5
9509,1289920924540
9510,363
9511,0
9514,80185928843
9515,1
9522,5
9525,8333395
9527,249
9529,57181
9531,1
9536,677667296882219548672
9537,750
9538,2
9539,230
9541,667
9542,0
9544,4
9545,6873
9546,1
9547,1
9548,253999791183699
9550,67500000000000000
9551,384307168202281728
9554,8489664
9555,391250
9559,7981410937499999535104
9562,6
9563,15236
9565,4
9566,3564
9567,1
9568,239
9570,0
9572,28
9574,964
9578,4357
9579,0
9581,10000000000427000112087040
9582,1630
9583,190759113662
9587,0
9591,10841387
9592,2
9594,221
9596,1838459534098563072
9597,5
9602,52500
9608,113397838207
9609,1
9611,1785
9614,57
9618,25
9620,0
9621,35
9623,8809310487721986
9624,3513
9625,254239381610119776
9626,709663
9628,845476670115
9631,16641027750620563505152
9632,1674433
9633,344
9634,38
9637,1
9639,59040661951743480
9643,88002411582
9644,6767
9645,2957
9647,1
9648,1
9649,3
9650,12099
9651,6
9654,156835
9662,188231512821700736
9663,232600215969
9665,57715257600
9666,1759
9669,14779
9672,5117984163043834068992
9673,3469
9676,31912784363
9679,-7
9680,5267018100967
9685,960
9687,1479726
9690,1
9691,164
9696,4538340912686850
9700,2657
9702,7
9706,2099749565250183364608
9709,0
9712,278228071788930007040
9713,890
9716,1
9717,72688612756
9718,1129
9719,4
9720,1
9727,3
9728,2203
9732,2
9733,335
9734,71887
9735,21369644184
9738,290
9740,99
9744,2
9746,32679745593
9747,872
9748,5
9750,3575089065983
9752,1963073865
9753,2
9757,9750
9759,2379
9760,1
9761,5
9763,74
9765,225349
9766,1
9767,0
9768,11863
9769,803
9772,1827
9773,8
9775,680772
9776,1374
9779,192371436319107553577831181292929024
9780,12519836425781248
9781,6
9783,-774004377960
9787,152
9788,9571
9790,326816170371340392573368795136
9793,0
9798,2
9799,1
9800,1
9801,154967
9802,161
9804,170
9805,1
9807,2336
9808,6555
9809,39
9812,7516865509350965248
9813,119219752001137
9815,366991360
9816,18881
9817,144
9820,0
9822,17048731
9826,3
9828,59
9829,147194484531
9832,98809502
9834,618940727296
9835,5
9836,2
9839,8601
9842,2216451841600331
9845,3
9847,1
9849,536766403519254364160
9851,2775641472
9856,-1
9859,2
9860,735
9861,13924815
9862,137
9863,100
9864,1550
9865,171
9868,118790606468949913819339231854592
9870,134217729
9871,211143257992
9873,0
9876,7
9877,1
9879,27
9880,1503
9883,3
9884,4
9887,26046
9888,5
9893,10538906472
9895,32478
9897,476837158203231
9898,2
9899,1
9902,100
9903,482
9904,1
9905,14143111141141112
9907,1944
9909,34684306786
9912,27247086
9915,1
9921,6
9922,1871
9925,4147755864
9926,0
9928,416337
9930,9
9931,12
9932,7683334
9934,9224575322790
9935,1751
9937,671680896
9944,152
9945,406066810454367272960
9946,2
9948,2336935584712872
9950,1
9951,1
9952,148022
9954,10000000000000000000
9959,283903271666323
9960,5
9961,1778822826035815424
9966,121086421357911
9969,6739
9970,1
9971,251417716503635576049631232
9972,0
9973,595
9975,725357
9977,-1
9978,859
9983,1037
9984,915863373
9985,30720
9989,33
9990,6
9991,1
9993,1181
9994,54312
9995,1
9996,1032
9998,3
10000,50
10001,518
10002,268
10003,795423120883328
10004,353
10006,3659768399381304395855811229639944175616
10007,71
10012,5082726096209
10014,38678112346
10015,94654874058268518690437726208
10016,15964509207021743997426836963328000
10021,112338
10026,11413
10029,1
10031,125
10032,1
10034,-6862655376791380688896
10035,4
10041,15774370258485248
10042,38
10045,6
10047,0
10048,75353
10049,1
10051,73907174
10053,4178
10055,1
